<?xml version="1.0" encoding="UTF-8"?>
<modification>
     <name><![CDATA[OpenCart Facebook Messenger]]></name>
     <code>ehub_facebook_chat_plugin</code>
     <version>1.0 </version>
     <author>Einfachub</author>   
     <link>http://www.einfachub.com</link> 

     <file path="catalog/controller/common/header.php">
     	<operation >
     		<search>
     			<![CDATA[   $this->load->model('setting/extension');]]> 
     		</search>
     		<add position="after">
              <![CDATA[     $this->load->model('setting/setting');]]>
            </add>
        </operation>
        <operation >
            <search>
                <![CDATA[       $data['home'] = $this->url->link('common/home');]]> 
            </search>
            <add position="before">
              <![CDATA[
                $fb_settings = $this->model_setting_setting->getSetting('module_fb_chat');
                if(!empty($fb_settings)){
                $data['module_fb_js_sdk']  = html_entity_decode($fb_settings['module_fb_chat_sdk']);
                $data['module_fb_chat_status']  = html_entity_decode($fb_settings['module_fb_chat_status']);}]]>
            </add>
        </operation>
     </file>

     <file path="catalog/view/theme/*/template/common/header.twig">
        <operation >
            <search>
                <![CDATA[<body>]]> 
            </search>
            <add position="after">
              <![CDATA[ {% if module_fb_chat_status %}  {{ module_fb_js_sdk }} {% endif %} ]]>
            </add>
        </operation>
     </file>
</modification>